text,label
Es un gran hotel; el mejor de Asunción. Buenas habitaciones; la gente es maravillosa; el servicio es excelente; la comida muy buena. Pero me cargaron doble mi estadia; una por expedia y una en el hotel al hacer el checkout. Tuve que llamar varias veces y estar en el teléfono horas para que me devolvieran el dinero. Lo único malo es el Gimnasio; ellos anuncian un Gimnasio pero es solo un pard e caminadoras; ojalá tuvieran mejores equipos.,3
"hola. no suelo criticar jamas lo que paso pero esta vez me animo a hacerlo. Fue mi segunda estancia -y mala experiencia- en el hotel. La primera fue por probarlo porque me cautivo el concepto ""ecologico"" del hotel. La segunda fue forzada; no tenia lugar a donde alojarme.Primera cosa. Un hotel que se supone ecologicamente sustentable puede descargar litros y litros de agua cuando descarga? Asi y todo cuando es de ""lluvia"" supuestamente?-Puede tener tantos accesorios en el banio con plastico y nada.. absolutamente nada es biodegrable y menos cumple con los conceptos de sustentabilidad tan buscados ultimamente?- Puede uno pagar U$ 600 por la suite presidencial y al salir de la ducha uno tiene que caminar unos metros mojados a las busqueda del tesoro - llamese el toallon- corriendo el riesgo de resvalarse y hacer de este tu ultimo viaje?- Eso si; la atencion muy personalizada... La noche anterior estuve en una habitcion simple y previamete se me habia dicho que me podia mudar a la suite presidencial a las 12 del mediodia... Les parece interesante que le toquen el timbre desde las 10 a las 11 diferentes personas diciendoles que ""ya se puede mudar""- A los que viajamos de negocio... Que es lo primero que buscamos? creo que un buen escritorio; conexion para nuestras laptops y cosas minimas como tener un toma corriente en el mismo lugar de trabajo.. Disparatado? Pues si; no lo tiene. Ni la habitacion barata y tampoco la ""suite presidencial"". - Que si ven en la carta de la ""suite"" la tentadora descripcion de las cervezas frias que esperan por uno despues de un dia arduo? Feliz uno corre a la heladera saboreandola de antemano.. y oh sorpresa..!! NO hay cerveza!- Como se ven dandose una hermoso banio de inmersion y zas! el telefono suena en la habitacion y uno tiene que salirse de la tina; hacer la busqueda del gran tesoro -toallas- en el hotel la mision? No seria nada si el llamado es para avisarle a uno que se gano la loteria... Pero que pasa si uno atiende y cortan? y si lo hacen 3 veces mas en el termino de 5 minutos?No quiero seguir; solo ser muy honestos al menos con los viajeros frecuentes que tratamos de balancear nuestra vida personal con la de negocios.",3
Escogi meses antes de mi boda una habitacion para hacer mi sesion de fotos; estuve como 1 hora en el hotel viendo las habitaciones hasta que finalmente escogi la que me encanto; Pagué apenas me pidieron que pase; pero cuando hago el check in; me dan otra; sin ninguna explicacion lógica; ningun gesto de disculpas; nada. Quedé muy decepcionada porque esperaba otro tipo de atención.,3
Voy a se Lo mas equitativo posible; porque soy persona bien intencionada; me encanto wilma; la señora que adea la habitación; es la clasica persona sencillita; predispuesta; educada; y se nota de un buen caracter humano; En principio; el primer llamado que efectue fue de una atencion inmejorada,3
"Esta es una experiencia de septiembre de 2016; asi que quizas algunas cosas cambiaronReservé la senior suite para mi luna de miel; la organizadora del paquete de luna de miel (miembro del hotel) fue muy atenta y me ayudó muy amablemente. Le había comentado a la organizadora que no tenia a nadie que me ayude a poner las flores en el auto que me iba a llevar a la iglesia en ese dia; por lo que ella me dijo que no me preocupe; que el personal me iba a ayudar sin ningun problema.Llegó el dia de la boda; me preparé en la suite y llamé a recepción a pedir ayuda con las flores para el auto y la recepcionista solo se limitó a decirme que a ella no le dejaron nada dicho y que no podia hacer nada; mis cuñadas tuvieron que bajar a poner las flores; bueno; un mal entendidoLo que si me molestó fue lo siguiente; mis suegros nos quisieron regalar una noche extra en el hotel; llamaron sin que nosotros sepamos al hotel y pidieron una noche mas en nuestra reservacion. La persona que les atendio dijo que ya habiamos reservado una noche extra (no era verdad). Cuando salimos del hotel y llegamos a casa estaban mis suegros y nos preguntaron porqué no nos quedamos si habiamos reservado una noche mas; terminaron llamando de nuevo a la recepcion (siempre hablamos de la misma recepcionista con la que tuve el inconveniente) y mi suegra le pregunto que pasó y no supo responderle que pasó; lo peor fue que la recepcionista dijo que nos habia comunicado a nosotros de la intención de la noche extra de parte de mis suegros; lo cual no fue cierto.Luego de mi luna de miel; le comenté via mail a la organizadora del paquete de luna de miel el inconveniente y; con el visto bueno de la dueña; me ofrecieron un voucher de almuerzo en el restaurante; tenía que ir a pasar a recepción a retirarloVamos al hotel a retirar el voucher y se encuentra la misma recepcionista con la que tuvimos todos los problemas anteriores; le comento del voucher y solo se limita a decir que no le dejaron nada dicho y que no puede hacer nada; solamente después de que le mencioné que contacté con la dueña del hotel fue que cambió su actitud y llamó a la organizadora y me dieron el bendito voucher para dos personasFuimos un domingo a almorzar y llevamos el voucher; si piensan que fue un final feliz no lo fue; porque entramos; les dimos el voucher; almorzamos y cuando estabamos en la puerta para salir nos alcanza corriendo un personal diciendo que el voucher era para solo una persona; la recepcionista solo marco el voucher para mi; como si fuera que mi novio no tuvo las mismas molestias; al final me sentí como alguien que se estaba aprovechando de la situación; debido al bochorno que me hicieron pasar porque no verificaron el voucher antes que nos sentemos a la mesa.Dejo este review para que estén atentos a los detalles; para que no les hagan pasar situaciones incómodas como la mía",3
Nos entusiasmó la idea de alojarnos en el hotel; para lo cual solicitamos a una recepcionista; nos lo muestre. Creemos que la idea de representar una misión Franciscana no lo representa; es algo frio; habitaciones estilo antiguo; también poco acogedoras; como así su restaurante; el cual; aunque su comida es buena; su ambiente es frio y no llama a regresar; especialmente por su alto costo.,3
Unos Argentinos trataron de hacer de este lugar algo histórico. Sin embargo; les quedó frio; es caro y poco acogedor. No lo recomiendo. Hasta el desayuno es costo aparte y carísimo. Mejor es el HUB; de los mismos Argentinos; tiene menor precio y un buen servicio.,3
Nos preparamos en el hotel; si bien parece elegante. La comida buena; personal amable; mucho ruido por un grupo de personas que llegaron que parecía que no estaban en tan buenas condiciones. Buen sonido del arpa; un poco costoso las habitaciones para el servicio que ofrecen.,3
Me molesto mucho que no reciban los dólares que en todo el mundo recibien; dese estados unidos hasta los demas países limítrofes como Perú; Bolivia; Brasil. No me quisieron recibir los dólares por que manifestaron que estos tenían firmas o rayas.,3
"En esta segunda visita al Hotel La Misión; presté atención a los puntos altos y bajos comparando sendas experiencias: Como positivo; el Shopping Mariscal está ampliando los servicios y tenés cines muy buenos a 1 cuadra del hotel; como así también la gastronomía de Villa Morra; un lugar muy ""Chick"" en Asunción. Desde aquí; te podés mover hacia todos los lugares de la Gran Ciudad con suma comodidad y tenés todos los medios de transporte a tu disposición. Impecable la atención del personal en todas las áreas (front desk y habitación). Como puntos bajos; la falta de un estacionamiento cubierto para los carros (Quedan a la intemperie) y tampoco satisface la cantidad de habitaciones con la superficie destinada; debiendo ubicarse en el peor de los casos en la calle próxima al hotel. El servicio de SPA no estaba habilitado (A pesar de publicitarlo en todo el hotel y en la página web). Conste que estamos hablando de un hotel boutique que compite en precios con hoteles de 4 estrellas o superiores. En general la experiencia fue satisfactoria; pero me quedó ese sabor a que faltó algo.....",3
En lineas generales muy bien; pero tuve problemas en el check in (habitacion aun no disponible) y en la mañana la limpieza de los cuartos y la apertura y cierre de puertas contiguas es extremadamente ruidosa lo cual afecto mucho nuestro descanso.,3
"Como un hotel de esta categoria no tiene bidet?Como no tiene bañera?La habitacion es ""amplia""; digamoslo asi pero el baño deja mucho que desear.El desayuno es rico y surtido aunque la parte dulce es un poco pobreLa healderita de la habitacion tiene sus bebidas a temperatura ambiente ya que se apaga al retirar la llave y no tiene hielo. Hay que pedir que te traigan hielo en un pais donde hacen siempre 30 grados de minima!!!!!",3
Me alojé en este hotel en un habitación standard y pedí una cuna para mi hija de 2 años. El hotel no es cómodo para familias con niños; yo creo que tiene varias limitaciones:1) No tiene bañera; sólo ducha. Esto para bañar a un bebé es imposible. 2) El Hotel no tiene rampa de acceso para discapacitados o cochecitos de bebés. Cada vez que entraba o salía; un empleado del Hotel me ayudaba a levantar el coche del bebé. Me parecía muy incómodo.3) La piscina que está en la terraza no es climatizada; el agua estaba congelada! No pude dejar que mi hija se bañe porque iba a terminar enferma.4) La terraza además es peligrosa para niños; tiene unas barandas muy bajas que dan al vacio y las ecsaleras para subir a la piscina lo mismo. No pude sacarle la vista en ningún momento a mi hija; todo el tiempo tenía miedo que se acerque a estas barandas. El hotel creo que es muy lindo para ir en pareja o con chicos más grandes. Cosas buenas del Hotel:1) Muy bien ubicado; en frente a un shopping y a 1 cuadra del super. 2) Muy buena atención del personal3) Te dan celulares gratis para que te comuniques entre habitaciones (fuimos un grupo grande y nos desencontramos)4) Muy buen desayuno y comida. Un poco caro pero no sé como serán los precios en otros hoteles de Asunción.Igual me parece que por el precio y categpría del Hotel; deberían tener las instalaciones preparadas para recibir niños y discapacitados.,3
todo muy bueno; ubicación; decoración; atención; desayuno; servicio; limpieza y atención. mi critica: colchones un poco duros; mucha demora en la cocina para almorzar o comer algo que no sea el desayuno que es perfecto.,3
muy comodo; limpio; el inconveniente es que no tiene habitaciones en planta baja hay que subir por escaleras; tranquilo a pesar de estar al lado de una ruta muy transitada; el desayuno es completo pero no muy variado; la atencion de parte de todo el personal es excelente y el estacionamiento es para pocos autos.,3
GimnasioMuy buen hotel ; solo desearía que tenga un gimnasio mas equipado para poder hacer deporte y mantener el ritmoTerrazaEl servicio de la terraza debería estar disponible hasta las 23 hrs ; ya que es muy agradable la temperatura a esas horas de la noche,3
Yo volveria definitivamente; es un bonito espacio y esta cerca de un gran centro comercial. La comida muy buena y el trato a la altura. Las camareras siempre atendieron nuestro llamado para pedirles mas toallas y el bellboy atendio nuestro llamado al instante. Es un hotel mas bien pequeño con amenidades que lo podrian hacer competir con grandes cadenas.,3
Me costó mucho conseguir lugar; varias veces había tratado de conseguir lugar y nunca había podido. La habitación que nos dieron; la 404; tiene una buena vista; una muy buena cama; una buena ducha; no tiene bidé. Nos quedamos 5 noches; y en general está todo bien. Lo que no me convenció fue que a pesar de ser un hotel boutique nos trataron en forma muy impersonal. Sacando las chicas de la tarde en recepción; que siempre fueron muy amables; no nos convenció la atención. El desayuno es muy bueno; gracias a que hay un muchacho que toca en excelente forma el arpa. Cenamos varias veces en el restaurante; la comida muy buena; pero la atención tampoco fue excelente. Igualmente; volveremos a ir; reservaremos con más tiempo y espero conseguir una mejor habitación y una mejor atención,3
"excelente servicio y staff muy amable y dispuesto; hotel boutique muy lindo y limpio; bien ubicado al lado hay muchas tiendas y cafés y restaurantes; linda terraza de techo con una piscina pequeña pero muy cómoda; ",3
Excelente la amabilidad del personal que atiende; en todos los rubros del hotel. Para ser destacado.. Nada mas que comentar; del hotel; no entiendo porque trip AD visor me exige a escribir 200 caracteres para dar mi opinión deberían darse cuenta que ustedes me están obligando a hacer algo que no me interesa a escribir. Ya que mi opinión se limita a la que di del hotel y la otra es para ustedes y al que sele ocurrió esto de los 200 caracteres. ,3
Magnífico hotel por su ubicación en el centro de la ciudad de Asunción; junto a áreas comerciales; excelente atención del personal y estupendos servicios. Además; el desayuno que se ofrece es muy completo.,3
Buena ubicación; esta cerca a un centro comercial ;en cuanto al servicio de cuarto también al igual que la decoración de la habitación y del hotel en general. En cuanto a la comida es buena perodebería tener mas variedades.,3
Me fascinó el toquecito del jugo verde en el buffet del desayuno! Estéticamente; el hotel es mucho más agradable que un típico hotel de estrellas de cadenas internacionales. Personal muy amable y disponible.,3
Muy buena estructura; lindo hotel; excelente servicio y ubicación. Ademas de lindamente tematizado.Los puntos bajos de la estancia fueron: reformas que molstaron mi sueño y cama matrimonial armada con dos colchones.,3
me ofrecieron el servicio de recoger en aeropuerto y me lo cotizaron en $ 85 dlls ida y vuelta y me informaron por un correo que la tarifa seria mas alta por ser camioneta . pero nunca me dijeron que serian 80 dlls por cada viaje ;lo cual me parece demasiado para un viaje tan corto . de haber sido informado seria mejor buscar un traslado en el aeropuerto . ,3
Destaco la excelente predisposición de todo el personal del hotel; de todos sus sectores. Muy limpia y en excelente estado la habitación. Muy bueno el desayuno. Baja disponibilidad de cocheras; debiendo dejar el auto estacionado en la vía pública; sin perjuicio de ello; la zona es muy tranquila y segura. ,3
"La Misión Hotel Boutique; está ubicado estratégicamente en el Barrio VillaMorra. Fácil de llegar desde el aeropuerto; a buena distancia del centro histórico y a pasos de un centro comercial. El hotel cuenta con una ambientación muy bien lograda estilo ""misiones jesuitas"". Además; cuenta con una hermosa terraza con una amplia piscina. La gastronomía del hotel te brinda conocer el Paraguay a través de sus sabores. Muy recomendable ",3
Fui con mi esposa y la pasamos muy bien; no usamos el gimnasio pero se veía muy completo; la piscina es muy linda pero le falta una parte más playa. La ubicación excelente. Lo que mejoraría es la entrada al salón de fiestas ya que se junta con la entrada de los huéspedes y no queda bien. Lo demás excelente,3
Deberian de mejorar la calidad del servicio del restaurante. Los meseros sirven mejor a parejas y grupos no a personas solas. A mi me ignoraron y tenia que repetirles o irles a buscar para que me trajeran un te. Nunca se acordaban de mi numero de habitación y a veces me la pedían dos veces como si no me conocieran; cuando estuve ahi 10 días.,3
El hotel es uno de los mejores de la ciudad de Asunción; con un aspecto colonial que lo hace mas encantador sus habitaciones y la atencion personalizada lo hacen un excelente hotel. Tambien es ideal para reuniones de negocios y almuerzos ejecutivos.,3
Excelente hotel; a la altura de las expectativas.Deberían mejorar su desayuno!!. Creemos que es importante re diseñar el mismo.Aconsejamos muy especialmente para eventos; bodas; etc. El personal de eventos muy eficiente y efectivo. ,3
El Servicio fué muy bueno.Las instalaciones excelentes.La cordialidad y el trato del personal fué excelente.La ubicación muy buena.Lo único que no me gustó fué no tener bidet en la habitación y lo más grave; la cochera ,3
En enero 2017 me hospede por primera vez; mi calificación .en aquella oportunidad fue muy buena .Semana pasada volvi nuevamente pero en compañía de mi hijo y su familia ; para todos nos pareció un excelente hotel con la comodidad y privacidad necesaria para este tipo de hotel boutique. ,3
Un pequenio hotel muy comodo; limpio y bien ubicado. El trato es inmejorable. El unico pormenor que le encuentro son el gimnasio; que es extremadamente pequenio. Un hotel muy recomendable; con decoracion tipica paraguaya.,3
Excelente atencion ; muy buen desayuno y habitacion muy confortable. Seria bueno que tuvieran spa disponible en el hotel.Muy amables tanto en la recepcion ; restaurante y botones. Amenities en el baño y cafe y agua de cortesia en la habitacion,3
Visite el restaurante del frente al medio día entre semana muy bien servido el buffet ; buena atención del mozo a cargo; buen ambiente.Ya visite en otras ocasiones y siempre buenas experiencias al igual que el hotel donde me hospede anteriormente y las piezas las encontré limpias; camas cómodas; la ubicación del hotel es privilegiada ya que cuenta con el Shopping Mcal López en la puerta y muchos comercios; restaurantes y bares muy cerca.,3
"El hotel es agradable; con detalles decorativos de buen gusto; muy cómodo; bastante amplio; pero con algunas ""imperfecciones"" a mejorar; por ejemplo el baño tenia rota la canilla; te quedabas con el comando en la mano; no tenia bidet y con poca luz.El otro detalle que no gusto fue que había fiesta de casamiento esa noche; por lo que acceder al hotel era difícil; lleno de gente tapando los accesos y si bien en la habitación no se escuchaba tanto el ruido; sí la vibración del sonido; la cama literalmente temblaba.El desayuno era completo; abundante pero no ofrecía buenos panes; ni quesos.No obstante se rescata las camas comodas; la ubicación y su estética. Le daría otra oportunidad..",3
Es un muy buen hotel boutique muy bien ubicado. Tiene pileta; es elegante; limpio; bien decorado; excelente atencion; buen wifi. Frente al Shopping Mariscal Lopez. No tiene un buen business center ni impresora en las computadoras de cada piso,3
Nos hospedamos mi esposo y yo una noche en el hotel. Hicimos el Check in ayer sábado y pasamos toda la tarde en la pileta del hotel que se encuentra en el 5 to piso. La habitación que nos designaron fue una de lujo. Cada detalle era único y acogedor. Ya caída la noche fuimos a cenar al pequeño pero hermoso restaurant Paraqvaria en el que nos deleitaron con un señor ejecutando el arpa en vivo. La comida riquísima. Lo que no me gustó fue el jugo de frutilla que pedí pero todo lo demás espectacular. Al día siguiente fuimos a desayunar y el buffet era variado y los mozos te atienden de manera personalizada. Es un lugar muy acogedor en el cual podrás pasar experiencias fabulosas. Recomendado.,3
exelente la atencion y calidad humana. todo muy lindo . solo la picina es chica. la hab exelentes.bueno cre que ya redondeando un lugar para aconsejar a parejas para una noche romantica.no se que mas decir.,3
muy buen hotel con un trato exquisito. personal muy atentos. habitaciones muy cuidadas y espaciosas. buffet desayuno y comida muy variado y correcto. solo a mejorar el gimnasio. pequeño y poca variedad de maquinas.,3
Hotel muy asseado; bela decoración; muy buena localización; personal muy agradable. Moderna arquitectura. Lo baño debería ter un poco mais de pression en la água de duche. Mas mesmo assi es agregarle se comparado con la grande maioria de otros hoteles ,3
Hermoso Hotel Boutique; muy buena ubicación estratégica; además las habitaciones y el hotelEstán decorados con un excelente criterio. La atención es especial y personalizada; muy recomendable. El precio es un poco alto en relación a otras opciones de la ciudad; pero se destaca.,3
Lindo y cuidado hotel boutique de Asunción. Buen desayuno. Excelente atención de todo su personal. En contra pileta muy chica y que habitualmente hay algún evento; que algún ruido genera; por ejemplo a mi me tocó 2 casamientos,3
Muy lindo hotel; pero hay cosas por mejorar como el ruido del aire y la sisterna del inodoro al tirar el agua. Reservé una habitación por una noche por mi aniversario de bodas y no pusieron los bombones; flores y champagne (lo reservé con esos detalles); una decepción al llegar. El desayuno muy bueno; y el personal amable.,3
Pasamos una noche fantástica gracias al personal que nos atendió muy cordialmente en todo momento. Desde temprano fui a alistarme para mi boda y fueron muy atentos conmigo y mi familia que me acompañaba.,3
"genial; limpio; de muy buen gusto y muy cuidado; este hotel te ofrece todo lo que necesitas de un hotel familiar; el desayuno es de primera; no he comido ni cené en el hotel pero otros amigos mios me dijeron que toda la comida es excelente no solo el desayuno; ",3
Es un restaurante estilo francés dentro del hotel la Misión muy bien equipado con muebles de época la atención del personal para destacar por la amabilidad él menú variado cartas de vinos buenos postres y rico café no piensen que es caro por la ambientación. Porque se come por 25 dólares ,3
Excelente experiencia para los negocios o en familia.Buena ubicación en la ciudad; instalaciones adecuadas; excelente servicio y predisposición del personal. Las habitaciones son cómodas y siempre están muy bien puestas.,3
Uno de los detalles es lo que digo sobre la calefacción -En el baño - algunas habitaciones no tienen bidet y el que hay es tipo europeo -Vamos casi desde que fuera inaugurado - el personal - que ultimamente se ha renovado sigue siempre cordial y dispuesto a que se disfrute la estadía -,3
En general muy bueno; salvo la rapidez de la internet. En lineas general el hotel es limpio; comodo y cuenta con un personal muy amable. La primera noche te dejan chocolatitos pero despues no mas. Es necesario que mejoren la rapidez de internet.,3
Extraordinaria experiencia; habitaciones; cama; comida; desayuno; personal muy amable; hotel muy tranquilo; ideal para sentarse tranquilo a trabajar; descansar; tomar algo por la tarde; lo recomendaría mucho; espero volver pronto.,3
Llegué a las 4am en La Mision después de un vuelo muy largo. Es como llegar al paraíso. Rápidos en la atención y recepción sin muchos papeles y detalles innecesarios a rellenar; llegue a una habitación muy linda; toda decorada en estilo Provence en blanco y flores. ¡Qué conforto! ¡Qué comodidad! Baños limpios; muy hermosamente pensado y con detalles igualmente lindos. Super romántico (una pena que yo estaba a trabajo en Assunción). La localización del hotel es super buena. En alrededor hay restaurantes; un mall justo delante y varias opciones. El desayuno tiene un pequeño surtido; pero muy bien escogido. Las frutas estaban divinas. Los dos únicos puntos malos del hotel fueron: el gimnasio (muy pequeño y mal estructurado) y la conexión Wifi era mediana. Algunas veces no me alcanzaba en la habitación 104. Um punto importante: hay una obra (expansión del shopping) delante del hotel que puede molestarte durante el día.,3
Muy buen hotel; se me hizo amena la estadía; el personal muy cordial; nos trataron muy bien a mi y a mi flia.Las habitaciones comodas; muy espaciosas; bien luminosas; la cama muy buen tamaño; dormimos bien,3
Muy comodo con habitación muy confortable; limpia y con todo lo que se pueda necesitar. La atención muy buena. El desayuno; monumental.Lo que si habia sugerido es que la carta del Restaurant pueda tener más opciones.,3
todo bien.....comida y nivel de atencionespecialmente se necesita mejorar la comodidad de la cama de habitaciony mas variedad de la comida (desayuno)...con rapides de servicio....pero en general todo bien...quiero recomendar a mis amigos,3
Sin duda que un hotel muy comodo y agradable; muy buna atencion de parte del personal. Ademas excelente atencion en un evento que realizamos en uno de sus salones; en lo tecnico muy bien atendido y con todas las facilidades para un buen desarrolllo del evento.,3
El hotel es muy bonito; con una linda luz. Las habitaciones son amplias y la decoración muy simpática. Pero tienen que resolver el ruido del A/C y la falta de potencia en el acceso al Internet (no me pude conectar fácilmente). El hotel es lindo y el personal inmejorable; pero esos dos asuntos hacen que el hotel baje de categoría. ,3
Resultó ser una estancia muy cómoda y agradable; sobre todo por la amabilidad del personal que me atendió durante mi estancia en el hotel; que se mostró interesado en ofrecer el mejor servicio posible,3
Reservé para un matrimonio y un menor de 5 años; y me dieron una habitación solamente con una cama matrimonial; es mi única queja! Salvo el cable y el restaurante el hotel es muy bueno; y la atención excelente. Tendrían que agregar mas reposeras en la pileta; había solo tres.-,3
Muy bueno en general. El trato; dentro de un profesionalismo adecuado; es familiar y cálido. Conclusión; el hotel es altamente recomendable; tanto para hacer turismo como para realizar reuniones comerciales. ,3
Es un muy buen hotel regreso en mi próximo viaje. Lo recomedaré a mis conocidos por la buena experiencia en la estadía. Un comentario; ampliar un poco el menú y proponer otro tipo de desayuno buffette.,3
Nada que decir de su infraestructura; gusto; decorado; personal; ubicación; atención; porque son realmente muy buenas y cada vez que pasas por el hotel; sales satisfecho en cuanto a eso.Pero hay cuestiones que hoy en día no se pueden descuidar ni perder de vista: La calidad de la comida; bebida; y el wi fi. NADA MÁS Y NADA MENOS. DEBEN MEJORAR PORQUE PUEDEN SER LO MEJOR DE ASUNCION.De todas maneras; sigue siendo altamente recomendable.,3
excelente hotel; piscina pequeña; habitaciones hermosas; desayuno de un hotel 4 extrellas; el jugo pasado de agua; se encuentra frente al shopping villa morra y mariscal; estacionamiento; wifi pobre; etc,3
Realmente el personal ha sido muy amable y servicial en todo momento.La habitación era muy comoda. La temperatura era muy calurosa pero la habitación tenia un excelente sistema de aire acondicionado.Ademas contaba con muy lindos detalles que hicieron una estadía larga (una semana) muy agradable. ,3
"El eslogan del hotel es que uno ""llega como huésped y sale como amigo""; y ciertamente es verdad. El personal es muy amable; servicial y altamente profesional. El hotel es en general agradable. Las habitaciones son cómodas y muy limpias. La ubicación es excelente. El desayuno es bueno. En la habitación que me fue asignada el aire acondicionado es un poco ruidoso y forma corrientes desagradables. La TV tiene mala calidad de imagen y pocos canales.",3
Muy buen hotel; buen ubicado; tarifas caras Excelentes habitaciones/ muy buena atención Hotel boutique especial para estar tranquilo y disfrutar de una estadía especial en Asunción.Muy recomendable para negocios y placer.No lo dudes,3
La Mision escun gran establecimiento. Tamaño moderado y muy cuidada ambientacion. El servicio es excelentecen todos lis ambitos. Siemlre correctos;agradables y con ganas de satisfacer al huesped.La comida es de muy buen nivel y calidad. Por encimacdd la media. Carta de vinos algo reducida pero cubriendo todos los gustos.Mi unica queja es el aire acondicionado. Hace mucho que los japoneses;cualquier marca; inventaron los aparatos ABSOLUTAMENTE INSONOROS. Ademas; en la Mision;la potencia de salida del aire no esta bien regulada. Hay que elegir entre congelarse y dormir mal pensando en el resfriado y quecel aire siempre cae arriba o dormir mal sudando.En un lugar como Asuncion; este asunto no es poca cosa. Hablamos de mucho calor y mucha humedad. Por favor.....inviertan en calidad de sueño y descanso. El resto;que es lo mas dificil; ya lo han hecho y lo saben hacer.,3
Todo fue de primera; cada detalle cuidado al extremo. Pero el agua de la ducha fue imposible de regular. una pena. igual super recomendable todo! La atención del personal de primera; la comida del hotel muy buena; el desayuno excelente tambien. ,3
Servicio de lavanderia FenomenalDesayunos muy ricosGim; pequeño para mi gustoLa verdad que en general me siento mimado en el hotelMuchas gracias por ser como soisLa verdad que me siento mimado y fenomenal por todos los empleados del Hotel.,3
Precioso hotel y excelente atencion. Muy bien ubicado y con un desayuno impecable como todo en el hotel.El personal diez puntos en todo aspecto. Vale la pena hospedarse en este hotel y disfrutar del servicio que brindan. ,3
El Hotel La Mision siempre tiene un servicio estupendo; con todo su personal super amable y profesional. Estupendo desayuno; muy buen restaurante; y una buena piscina. Lo único el gimnasio; que es muy mejorable,3
Estuve con mi mujer 4 dias.HOTEL. Muy confortable y bien ubicadoHABITACION. La primera que nos asignaron era baja y tenia como vista una obra en construccion. Solicitamos el cambio. Nos pasaron a una mas alta con buena vista y mejor luz; con todo lo necesario para estar confortablesSERVICIOS La comida bastante buena y los mozos y mozas muy amables. El patio de los limones es muy agradable para comerBuena pileta en la terrazaATENCION. Todo el personal muy amable y dispuestos a resolver todo,3
Hermoso hotel de una decoración jesuítica; misionera particularmente hermosa.Ubicado en pleno villa morra; uno de los barrios más lindos de asunción; frente al Shopping Mariscal López.Desayuno espectacular; atencion del personal muy buena! ,3
Por ser uno de los primeros en traer al país el concepto de hotel boutique; bastante bueno en líneas generales. Aunque sería mucho mejor si trabajaran más en los aspectos personalísimos que diferencian a un hotel boutique de uno tradicional.Buen ambiente; está nuevo y eso ayuda mucho. La atención es también buena y los precios NO BARATOS. Si vale la pena? Para el que no encuentra diferencia entre un hotel de 100 y uno de 150; vale la pena toda la vida.,3
Como hotel boutique muy bueno !atención casi personalizada !higiene excelente !su Restaurant muy bueno ! La amabilidad excelente !!solo faltaron algunos detalles !!pero quede muy sorprendida por su excelente atención !!  ,3
Un hotel casi nuevo; muy confortable. La variedad y caldiad del desayuno es para destacar. La amabilidad de todo el personal desde recepción hasta el restaurant y el de srvicio te hacen sentir bien atendido y como en casa.       ,3
Me hospede por 2 noches en este hotel; fui de trabajo con una compañera; nos quedamos en habitacion doble. Empecemos por la habitación muy comoda; grande; con todo lo necesario para descansar; el restaurante del hotel es grande; los desayunos abundantes y variados; con muchas frutas y comida tipica de paraguay. La Decoracion del hotel es espectacular y la ubicacion esta fenomenal; cerca de shoppings; bancos; supermercados. El nivel de servicio es muy bueno. Lo unico que sucedio un percance en la primer noche; tuvimos una gotera que hizo se inundara parte de la entrada de la habitacion; nos despertamos a las 4 am para llamar a recepcion y solventaron un poco; como compensacion nos movieron de habitacion y nos regalaron una cena para 2. Nos indicaron que la semana anterior por visita del papa Francisco no habia realizado mantenimiento; pero igual creo que no hay excusa para tener las condiciones del lugar en buenos terminos. Por lo demas esta espectacular.,3
Fuimos a pasar el día de la madre ahí nos alojamos sin mirar mucho en la web el espacio del hotel sólo por la ubicación que por cierto es excelente.. todos los que trabajan ahí sin ecepcion son super atentos; y muy respetuosos. El desayuno bien variadito.. la habitación extraordinaria genial... el precio lo amerita.. perooooo.. es muy pequeño otras dependencias.. como por ejemplo el lobby.. no hay mucho que hacer.. es mas un hotel tipo dpto.. muy limitado..!! Solo arriba en la terraza había lugar pero y su llueve.. no hay nada que hacer.. ,3
Excelente ubicación y servicio. Organizamos un desayuno de trabajo y todo salió muy bien. Importante dispone de WIFI incluido en la tarifa.Muy buena atención. SIn duda volveremos a realizar algún evento ahí. ,3
Es un hotel cómodo; brinda relajación y tranquilidad rn sus habitaciones la ambientación es muy buena; la atención en recepción fue amable pero algo lenta al momento del check out.las habitaciones son amplias y la cama es muy confortable; ayuda mucho al buen descanso   ,3
Me encantò la suite; la piscina; el servivio; la atenciòn detallista del personal; no tengo ninguna queja para este hotel... si bien el restaurant no es lo mejor de lo mejor; no tiene nada q envidiar a ninguno... hermosa vista desde la terraza! Altamente recomendado,3
Muy buena opción de alojamiento en Asunción; Paraguay. El sitio es acogedor; tiene una ubicación muy conveniente cerca de todo. El servicio es de primera; para cualquier requerimiento están disponibles sin importar que es un hotel chico. Tuve que imprimir unos documentos de previo a una reunión y logre coordinarlo todo con el hotel sin necesidad de desplazarme. La comida es muy buena; en especial el desayuno y la zona del bar es muy agradable. El único bemol; que no lo es tanto; es que está frente a un centro comercial muy visitado por lo que la calle puede resultar un poco ruidosa de noche. Lo recomiendo ampliamente,3
Si bien fue una breve estadía -de apenas una noche-; fue suficiente para advertir el cuidado; la atención y buen gusto de los responsables de la administración del hotel. Las habitaciones son amplias; cómodas y están muy bien ambientadas. Lo recomiendo para viajes de negocios; en pareja o familia. Sin duda regresaría.,3
Una muy buena estadía; como es lo habitual en este hotel. Lo mejor; el desayuno; la limpieza y arreglo de las habitaciones y la cordialidad de Gabrielle; sin dudas la mejor en recepción. Una sorpresa negativa fue que la terraza y la zona de gimnasio estaban en reparación. Si bien el hotel ofrecía un voucher para asistir a un gimnasio ubicado a 4 cuadras; el hecho de no contar con la privacidad y el fácil acceso al gimnasio hacen que la sorpresa no haya sido agradable. Sugiero informar al huésped sobre sobre esta clase de reparaciones o zonas que no estarían habilitadas al momento de efectuar la reserva. Otro punto a mejorar; lo cual lo veo reiteradamente en todas las veces que me hospedo en el hotel; es la agilidad del check in y check out. Se pierde mucho tiempo esperando el extracto de cuenta y en todo el proceso en si. El piano frente al ascensor; si bien es una linda y novedosa puesta en escena; luego se torna repetitiva al estar varios días hospedado y no me parece que el lugar donde se encuentra sea el mejor...centrado en el lobby anterior al ascensor; da la sensación de espacio reducido... No me convenció. En general es un muy buen hotel; recomendable; pienso que con algunos cuidados extras en la atención al huésped sería realmente excelente.,3
Es un muy lindo hotel; con personal muy atento; lindo diseño; y ubicado casi en frente de 2 shoppings; en una zona que continúa creciendo en Asunción; el barrio de Villa Morra. En frente se está construyendo una nueva ampliación del shopping Mariscal. Las habitaciones son amplias; bien decoradas. Muy recomendable.,3
Muy buen hotel y con un ambiente muy comfortable; y con muy buenos servicios!El hotel esta localizado a 1 minuto a pie del Shopping Mcal.Lopez. Bien cerca para irse a pasear un poco para hacer unas compras.Las comidas y el ambiente del desayuno tambien estuvo excelente.Lo unico que falto en esta experiencia del hotel; es que hubo un ruido encima de nuestra habitacion; que no nos dejo dormir bien ni a mi ni a mi esposa. Nos hospedamos 3 noches en la habitacion 109; que es un Corporate Flat. Y en la primera noche cuando ya estabamos en la cama; cuando ya estaba todo en silencio; se escuchaba unos golpes leves encima de la habitacion que ocurria cada 5~10 segundos. No es un ruido fuerte; pero en un ambiente silencioso; es realmente muy inconfortable. Al dia siguiente notamos que ese ruido continuaba. Solo que el ruido del golpe no era tan claro de dia cuando hay otros sonidos. Pero se escuchaba. Hicimos el reclamo en la recepcion y vinieron a nuestra habitacion para ver; y notaron tambien que realmente existia ese ruido de golpes. Enseguida llamaron a un tecnico para revisar el hotel. Mas tarde dijieron que el tecnico reviso y fue un ruido de una maquina que estaba golpeando la pared. Pero no podian arreglarlo en corto tiempo. Pediimos el cambio de la habitacion; pero la recepcion dijo que es un ruido que se escucha en todo el hotel; no importando en cual habitacion no mudamos.Bueno; en la segunda y tercera noche ya nos acostumbramos un poco al ruido; y pudimos dormir un poco mejor que la primera noche. Pero el ruido del golpe aun existia. Solo que nuestra cabeza automaticamente comenzo a adaptarse a eso. Y en verdad esto fue algo y unica cosa que arruino nuestra experiencia en este hotel. Fuera de esto; los restos del hotel se merece 100 puntos.,3
Recomendable para ir con tu pareja. El lugar es muy lindo y los servicios son buenos. La decoración es muy linda para hacer amena la estadía. Super recomendable para tener una gran estadía en Asunción.,3
Nos atendieron muy bien; lo mejor el restaurant y el desayuno de muy buen nivel. Nos encanto la decoracion y que habia muchas novias sacandose fotos antes de su boda eso le da un toque muy romantico y especial. Lo unico negativo es la obra en construccion que esta en frente a la mañana habia bastante ruido.,3
Bien ubicado; el servicio es de calidad y la decoración es muy bonita.El desayuno es uno de los aspectos muy positivos de este hotel junto con el personal; muy atento.La terraza es muy bonita pero el gimnasio y la piscina son pequenos.,3
Muy bonito; muy cuidada la decoración; bien ubicado; tiene dos shoppings enfrente. Como todo hotel boutique no es muy grande; cuando yo fui habia poca gente; me da la sensación que lleno puede tener un problema de capacidad con los ascensores. El desayuno y restaurante acorde a un hotel de este nivel. El gimnasio mal; solo dos cintas nada más. Muy bonita la terraza; con alfombra verde que simula ser cesped y sillas tipo parque. El personal atento. Las habitaciones comodas; bonitas; no son muy lujosas. wifi gratis.,3
"Muy buen hotel boutique. El lugar es muy agradable; el servicio es muy bueno; está ambientado de manera muy agradable. El servicio del restaurante es muy bueno y el desayuno es muy variado y de excelente calidad. Lo único que deberían mejorar el gimnasio; es muy chico y poco equipado.",3
Estuve una noche por un evento de trabajo y todo estuvo muy bien. Servicio muy dedicado; buena variedad en el desayuno y servicio de traslados muy correctos. Sin dudas lo volveré a elegir en un futuro viaje.,3
Es un hotel muy bien decorado con.mucho estilo y muy acogedor el servicio bueno la conida es buena aunque no increible deberia mejorar sobretodo porque es un hotel pequeno y caro su personal tiene muy buen servicio,3
El hotel es realmente muy bonito; inspirado en las misiones jesuíticas del Paraguay. Moderno; con habitaciones cómodas; iluminadas y con una excelente atención. El encanto del restaurant es la música ambiental en vivo. Es muy recomendable para extranjeros y residentes en el país.,3
La verdad ha sido una experiencia única; habitaciones cómodas; con todos los servicios; salas de estar acogedoras; gimnasio completo; internet libre y con buena conexión de verdad (algo fascinante). Allí estaré nuevamente cuando pase por Asunción.,3
Hotel muy cómodo; limpio y con buenos servicios. Le falta entrenamiento a la gente de recepción (front desk) ya que no explican las bondades (y amenities) del hotel al llegar. Les falta mejorar la cultura de atención al cliente.El hotel; en general; es muy bueno.,3
Viaje en Enero 2012 por trabajo y es hermoso. La calidez de la habitacion y la decoracion en general del hotel; te hacen sentir muy comodo. El restaurant es muy bueno tambien. Tiene buena ubicación; a 2 cuadras de un shoping.,3
El hotel tiene una excelente ubicación; en un barrio seguro. El servicio de su personal es impecable al igual que la limpieza de sus instalaciones y el desayuno es delicioso. Volvería siempre; aunque lamentablemente en el desayuno advertí que tienen encerrados en una jaula a dos Papagayos donde ni siquiera pueden desplegar las alas; tampoco reciben la luz del sol porque es un jardín muy tupido. Las jaulas vacías como decoración en el hotel son bellas; nos recuerdan que las aves deben ser libres; ojalá fuesen coherentes con ese criterio. Les ruego que tomen medidas al respecto y creen un hábitat digno para estas aves en peligro de extinción.,3
Un hotel con muy buena ubicación; cerca de uno de los shopings de asuncion.Excelente la atención. El servicio de restaurante; es muy bueno. Muy buena la calidad de la atención y la comida. Un lugar muy calido en la decoración.Muy recomendable.,3
el fin de semana nos hospedamos con mi familia ; no tengo nada de que quejarme si es en cuanto a la atencion; nos prepararon la cena en la terraza ; como lo habiamos hecho hace 5 anhos atras; la cena excelente ; todo muy sabroso .solo tengo algunas recomendaciones se ve que en hotel en cuanto habitaciones se encuentran un poco descuidado ; faltaria algunas reformas en las habitaciones; las camareras no bien arreglan las camas ; la habitacion en si dejan como de forma apurada lo hacen ; anteriormente era distinto ; habia mas atencion en cuanto a eso; tambien me cargaron bebidas que no tengo conocimiento de que hayamos tomamos del frigobar ..no tienen en la habitacion algun informe sobre el spa ; masajes ;  el desayuno tendrian que tener mas variedades de lo dulce como tortas o tartas porque esas pocas facturas no es que son agradables; el resto todo ok . espero que tomen nota de mi recomendacion ; es para mejorar ; igualmente siguen siendo uno de los mejores .,3
Es un hotel muy bonito; muy comodo; y la calidad de atencion de todo su personal es para destacar. Viajamos en familia y la pasamos super bien. Muy recomendable para todo el mundo por sus servicios y por su ubicacion.,3
"En febrero de 2014 realicé mi última visita a La Misión (cuarta vez que visito el hotel). Mi crítica es prácticamente invariable con respecto a la que efectué luego de mi primera visita. La ubicación es excelente; las habitaciones son muy cómodas y la decoración es de maravillas; el sonido impecable y mágico del arpa siempre presente; todo excelente. Lamentablemente; según mi humilde punto de vista; la atención del restaurante sigue sin estar a la altura de este hermoso hotel. Traté de desayunar a las 7:30 am; y no había mesas disponibles; por lo que un personal del restaurante nos indicó que esperemos en los sillones ubicados luego del lobby; que luego nos iban a indicar cuando se desocupaba una mesa. Largos minutos pasaron sin novedad alguna; por lo que luego de esperar un tiempo prudencial de 30 min; entramos al salón viendo mesas desocupadas pero sin estar aún preparadas para un nuevo comensal. La cordialidad del personal brilló por su ausencia. Igualmente; este detalle no desmerece la excelencia del hotel; pero sin dudas el servicio y personal del restaurante tienen que estar también orientados hacia esa excelencia.",3
El hotel tiene muy buena atención. El restaurante es de lo mejor de la ciudad. Las habitaciones son comodas y limpias. La ubicacion es de las mejores; en medio de todo y a una cuadra del shopping Mariscal Lopez. Como algo a mejorar es el trato a las visitas. Recibi varias visitas; las cuales algunas subieron a la habitacion y deberíeron dejar sus datos en recepción para poder hacerlo. Algo un poco molesto para algunos.En terminos generales muy recomendable.,3
Elegi este hotel para pasar mi noche de bodas y la verdad que quede plenamente conforme. Desde que contacte para hacer la reserva tuve una atencion de primera. El servicio de transfer super recomendado muy puntual y los choferes son amables y muy profesionales. No tuve mucho tiempo de disfrutar de las instalciones. El masaje tambien fue muy bueno. Pienso volver para festejar mi aniversario y conocer mas del hotel.El desayuno es delicioso y en cuanto al restaurant no lo he probado.,3
Esta fue mi tercera estadia en el hotel. El servicio mantiene un buen nivel; las habitaciones estan muy limpias y bien equipadas y la apariencia del hotel en general es excelente. El desayuno muy completo y el comedor tiene un ambiente intimo; opuesto a esos enormes hoteles donde desayunar es quedarse sordo con el ruido de cientos de huespedes...Pueden mejorar el servicio de comidas a los cuartos ya que no parecen prestar atencion a lo que se ordena.,3
"El hotel se encuentra situado en el ""nuevo"" centro de Asunción; en Villa Morra; cercano a muy buenos restaurantes y de los centros de diversión nocturna. Las habitaciones son muy buenas; amplias y finamente decoradas. Pero el punto flojo de La Misión a mi entender; es el restaurante. Al realizar el check out; recibo con sorpresa cargos no efectudos por mi persona a cuenta del restaurante; si bien esto fue solucionado; no es agradable realizar un check out bien temprano y tener que dar explicaciones por un error que no se debió al accionar del huesped...El horario de desayuno está fijado a las 6:30 am; pero cuando bajé a desayunar a esa misma hora; recién estaban colocando los mesas y no habían aún colocado panes u otras comidas para acompañar al café. Escribiendo sobre la mala performance del restaurante; esto trae a mi memoria un episodio desagradable ocurrido durante la cena; en noviembre de 2012. Por eso insisto en que el hotel revea este punto que evidentemente no se encuentra a la altura del resto de los servicios del hotel.",3
Las habitaciones son acogedoras; pero si bien el hotel; como su nombre lo indica es chico; creo que la picina es demasiado chica; y esta encerrada; casi como acorralada; no tiene expansion; desde mi optica. Al igual que su lobi; es como muy encimado todo. Algo bueno; que cada tanto hay una persona que ejecuta un arpa; que es muy tradicional y por ademas agradable. El baño es muy comodo; por su distribucion y dimensiones. Es lo que yo pude sentir.,3
Hace unos días participamos de un desayuno de trabajo con periodistas y la verdad quedé muy satisfecha del servicio; la amabilidad y profesionalismo del personal; el buen gusto y calidad de la gastronomía; y la eficiencia. Recomendable desde todo punto de vista.,3
"El buen gusto de la decoración; tanto en los espacios comunes como en las habitaciones es para destacar. El personal es muy amable sin ser pesados y también muy eficiente; incluso el señor de seguridad que está en la vereda. La piscina es muy disfrutable; ayuda a soportar el calor de Asunción. No recuerdo el nombre de la señora; pero la persona que hace los masajes es muy buena; y luego te manda a la habitación un jugo o frutas como broche. Las habitaciones son de generosas dimensiones; así como el baño. Dentro de los amenities; incluye cepillo de dientes; algo no muy habitual. El hotel está justo en frente de dos centros comerciales con supermercado y cine; y también a pocas cuadras de bares para ir a tomar algo. Una tarde nos dimos el gusto de escuchar a un muchacho tocar el arpa; una delicia que acompañamos con una exquisito café del muy agradable bar. El desayuno es muy completo y rico; nada que objetar. Lo único que me parece que no estuvo a la altura de los demás servicios y comodidades del hotel es el restaurante; la carta no está mal e incluye unos platos locales para los que desean probar algo nuevo; pero el sabor no sorprende. Mas allá de esto; en uno de los postres llego un elemento ""extraño"" y si bien fue debidamente subsanado el problema; no dejó una buena sensación. El hotel es ideal para disfrutarlo; si pensas ir a Asunción asegurate tener un día libre para disfrutar de sus servicios.",3
Unos de mis hoteles preferidos; el hotel es una mision jesuita restaurada; las habitaciones son todas absolutamente distintas y estan cuidadas hasta el mas minimo detalle; el personal es super atento. EL concepto de hotel boutique se vive en todo el hotel; muy muy recomedable; algunas habitaciones pueden ser un poco ruidosas,3
Elija cualquiera de sus opciones; standard o ejecutivas; que todas son maravillosas. Cada una tiene un toque y decoración particular y personal. Un hotel sumamente Encantador. Las camas; los detalles del baño; la decoración; son dignos de señalar. Excelente opción para pasar unos días o fin de semana tanto en familia como de negocios. La atención de los funcionarios es exquisita y muy eficiente. Lo recomiendo sin dudar. ,5
El nivel de atencion del personal y calidad de las habitaciones hacen de La Mision un lugar unico para hospedarse en Asuncion.Por otro lado; la ubicacion tambien es muy buena.El personal esta siempre disponible con una sonrisa para satisfacer todos nuestras solicitudes.,5
muy buena ubicación con una arquitectura agradable y con todas las comodidades que se exciten hoy en día de hoy; con un personal cálido profesional y cordial; así como el valor de la calidad alimenticia.,5
Raúl un verdadero metre del desayuno; lo mejor del hotel es el personal; sus modales; su respeto y su permanente sonrisa. La única recomendación es que se deben renovar los aire acondicionados que a pesar de funcionar bien; generan un persistente ruido.,5
Un excelente hotel la misión en Asuncion Muy linda decoración tanto de los espacios comunes como las habitacionesExcelente desayuno y servicio a la habitación Ubicado en un agradable barrio a pasos de un centro comercial con muy buenas tiendas,5
La pileta tenia un color medio verde; como si fuera un estanque. Por lo tanto no pudimos hacer uso del mismo. Siendo un hotel de primer nivel en todas sus instalaciones; es recomendable que la pileta este acorde a la calificacion del hotel.,5
Todo excelente; el servicio muy bueno y la atencion del personal tambien; las condiciones edilicias con muy buen cuidado; el personal de recepcion muy educado y dedicado como asi tambien el personal de atencion a los cuartos; personal de restaurant y desayuno tambien cumplen en forma excelente su funcion.,5
Increibles instalaciones; las utilizamos para las fotos de nuestra boda; noche de bodes excelente con todos los detalles. Dormitorio amplio; con play station 4; led full hd; baño comodo; volveria cada mes si pudiera!!,5
La ubicación; instalaciones; amabilidad y cordialidad del personal junto con la calidad del restaurante hacen del Hotel La Misión una de las mejores opción new ara hospedarse en Asuncion. Inapelable habitualmente a Asuncion y a lo largo de los años el hotel mantiene la. Suma calidad original.,5
Hotel premium; servicio premium; con detalles sencillos que hacen que la experiencia sea notable! El desayuno es de lo mas variado; el restaurante tiene una carta muy bien combinado entre comidas tipicas y platos internacionales. Las habitaciones son estupendas y espaciosas. El servicio es de excelencia. Altamente recomendable.,5
El Hotel es muy bueno; como qualquer otro cinco estrelas en otro país. Esta en una zona buena con um shopping delante. Desayuno bueno; habitacion grande con bano muy bueno. Muy simpaticos y excelente decoracion - casi se olvida que estamos en Paraguay.,5
Muy recomendable; las habitaciones que dan al centro comercial son un poco mas ruidosas si te gusta dormir sin AC y con la ventana abierta.. Estupendo desayuno; personal encantador.volvería sin dudarlo si vuelvo a Asunción.,5
Es un hotel excelente; sus instalaciones son muy buenas; la decoración de las habitaciones y del hotel en general; es muy buena; el desayuno muy completo; pero la diferencia la marca la calidad de sus empleados; te sientes como en casa!!!,5
Es un gran hotel; cálido; confortable; la mejor ubicación y la mejor gente en Asunción; el servicio extraordinario; la comida excelente; terraza invalorable para sentarse a trabajar tranquilo; tomar algo y ni hablar cuando llega el calor del verano ,5
Se debería proteger mejor el estacionamiento. que se encuentra descubierto;a los rigores de la intemperie. Aconsejaría igualmente colocar rampa en la entrada principal para personas con capacidades diferentes.,5
Todo perfecto; el personal; la comida; las habitaciones. Todo excelente. La amabilidad; las instalaciones. Hasta los autos que contratas para que te lleven. Mas no se puede pedir; es como estar con gente amiga y muy a gusto con todo.,5
Excelente estadia; todas las veces que vamos a Asuncion siempre nos alojamos en el mismo hotel; y siempre esta impecable...estan en todos los detalles; desde el perfume en el ambiente; hasta la cena de restaurante con un señor tocando el Arpa...soñado!!,5
Mi estadia de tres días fue una experiencia excelente; me gustó el orden y limpieza de los espacios comunes y habitacion. El desayuno fue abundante y variado con servicio de mesa amable y servicial. En general; tuve la sensación de estar en una agradable casa de familia cuidada por una persona de buen gusto que atiende cada detalle.Solo me incomodo la ruidosa descarga del sanitario; en la habitación; único detalle a mejorar. ,5
Es un hotel que a pesar de estar en el centro de las actividades de asunción ; estar frente a un shopping; cerca de un super ; y cerca de la zona gastronómica; una vez que entras te sentís en un lugar alejado del ruido y que estas como en tu casa ; pero las comodidades son de un hotel 5 estrellas ; con todas las comodidades y el restaurant todo riquísimo . ,5
Ademas muy buena ubicacion ademas del excelente servicio; se pasa muy bien en el hotel; yo lo recomiendo ; he estado muchas veces en el Hotel y nunca he tenido queja alguna; un hotel como pocos ; donde cada persona es tratada como cliente y no como numero,5
Precioso lugar con un diseño de interior admirable; es muy relajante el ambiente junto con las instalaciones (habitación; restaurante; gimnasio y piscina en la terraza). Es excelente la ubicación para diversas actividades en Asunción; diurnas y nocturnas.,5
Muy buena opción de hotel en Asunción. UbicacionMuy buena opción de hotel en Asunción. Ubicación excelente con el Shopping Mariscal a la puerta y equidistante entre el aeropuerto y el centro de la ciudad.,5
Está ubicado en una linda zona; frente a un shopping muy grande; cerca del centro; cerca del aeropuerto; el hotel muy coqueto; la gente muy amable; el desayuno riquísimo y con mucha variedad.sinceramente volvería a ir.,5
Todo es lindo; todo es de calidad. Incluso me cuesta resaltar algo en particular porque la atención del personal; las habitaciones; las comidas; la ambientación; los detalles parece que compitieran por lucirse.,5
El hotel se encuentra en un lindo barrio frente al shopping de Mariscal. Muy bien ambientado y excelente servicio. Desayuno muy bueno. Habitaciones con buen tamaño y equipadas con todo lo necesario. El personal es super amable.,5
"Excelente hotel desde todo punto de vista. Se encuentra ubicado en el barrio más top de la nueva Asunción; con un polo gastronómico y comercial increíble; que incluye ferias variadas; casas de cambio y diversos shopping centers.La atención de todo el personal fue de primera categoría; esto incluye mucamas; mozos; personal de exteriores y mantenimiento. Quiero destacar la excelente atención; profesionalismo y dinámica de Silda y Camila; quienes supieron suplir con eficiencia todos nuestros pedidos. Un punto extra para la decoración; el armado de mobiliario y presentación de mesas y comidas en el desayuno.Puntos a mejorar; pocos: climaticen la piscina en invierno; saquen el plasma encima del piano de pared y quizá opten por una pastelería un poco más sofisticada en el desayunador.Agradecemos su esfuerzo general; pues sabemos bien que llevar adelante un hotel no es tarea sencilla.Pd: hay más detalles y sorpresas que dejaremos que sorprendan al huésped.",5
La atencion del hotel es excelente; las habitaciones son super comodas; el desayuno es un lujo; espectacular. La cama es muy comoda y la calidez de los empleados es realmente valorable. Mi experiencia en el hotel fue excelente y estoy sumamente satisfecho. Cada vez que voy a Paraguay vuelvo a La Mision.,5
Excelente en todo sentido. Buen desayuno ; amplias y confortables habitaciones bien equipadas. El servicio es muy atento y eficiente. La terraza con la piscina es interesante y lindo para un trago y picada,5
"Cálido;muy bbien no ambientad; personal idóneo y siempre muy predispuesto. Ubicación estratégica para negocios yeespazamiento. Solo quisiera rescatarcquedel gimnasio cuenta con muy pocos elementos para ejercicios físicos. Sería ideal que fuese un poco más amplio y con más cantidad de aparatos. Por ejemplo; cuenta con una sola bicicleta que en los horarios más concurridos; mañana y última hora; siempre está ocupada. ",5
Increíble atención! Se ocupan de que los huéspedes estén siempre atendidos adecuadamente; el trato increíble; habitaciones amplias; limpias; la comida de calidad; desayuno variado. Las estrellas las tiene más que ganadas.,5
Elegante ambiente y excelente atención. La habitación cómoda y amplia. El desayuno abundante y completoEl personal siempre brindó colaboración y estuvo atento a que no tuviéramos inconvenientes. El lugar donde está el hotel es muy agradable,5
Desde la llegada; por la atención y cordialidad recibida en la recepción del hotel; Habitación impecable.  Excelente desayuno acompañado de musicas com típica harpa Paraguaya.ubicacion próxima de centros comerciales. ,5
Muy buena la atención; el hotel hermoso; el cuidado excelente y más que satisfechos con la atención recibida; los servicios y el personal. Estuvimos después de la boda allí; y estamos muy satisfechos con la atención recibida. ,5
Repito; primero y principal; la calidad humana; las artesanías; el mobiliario; la decoración; todo perfecto. Todos los detalles cuidados hasta en lo más mínimo. Una puerta de entrada para seguir visitandolos; para seguir visitando vuestra hermosa Ciudad y su País.,5
Como siempre que viajamos a Asunción; una ciudad que vemos su progreso y da gusta llegar y hospedarse en La Misión; que es como nuestra casa por la atención de todo su personal - el desayuno muy completo - Todo excelente -,5
Excelente atención y cordialidad. Muy buen servicio de gastrónomia tanto en el desayuno como en la cena. Presenta una pileta muy linda; gimnasio bien equipado. Y hermosa vista desde la terraza. Ideal para disfrutar en pareja. Lo recomiendo.,5
La ubicacion del hotel es muy buena ya que se encuentra cerca de un mall; avenida central y la calidad del servico; amplitud de las habitaciones y amabilidad del personal son muy buenas. Otro punto a destacar es la caidad de su restaurante.,5
Excelente la atención de todo el personal; los chicos de recepción; los mozos; especialmente Roberto y Sonia;la limpieza; la ubicación; la decoración; la funcionalidad; muy buen desayuno y comidas. Recomendable,5
Buenisima localizacion; servicio amable; ambiente de caracter con servicio impecable. Comida muy buena. Cuartos amplios; cama y almohadas muy comodas. Definitavemente volvere y lo recomendaria altamente a familia y amigos,5
Siempre recomiendo éste lugar..la ubicación es excelente..el servicio de todo el personal..mucha calidez es como estar en casa...me ofrecieron upgrade en la habitación así que fue perfecto todo. Voy siempre y volvería cada vez que tengo oportunidad. Muchas gracias!,5
Limpieza; comodidad; buen gusto; amabilidad de TODO el personal sin excepción; buena ubicación; desayuno exquisito con un excelente intérprete de canciones con arpa; el chipá calentito y el mate cocido de cortesía por la tarde ...qué más se puede pedir??,5
Excelente estadía en el Hotel; se destaca la amabilidad del personal de restaurante y recepción. Excelente ubicación. Sin dudas; el mejor hotel de la ciudad. Como huésped asiduo de La Misión; volvería sin dudarlo.,5
calidad ; buen gusto ; amabilidad buen servicio el valor acorde a los servicios otorgados; buen acceso a los mejores lugares de asunción; habitaciones muy comodas y limpias realmente reconfortable recomendado cien por ciento,5
excelente opcion; la relacion precio calidad es muy buena y la atencion es excelente; ademas no podria estar mejor ubicado; el servicio de habitacion es muy bueno al igual que la opciones de desayuno.,5
Hotel muy bonito y tranquilo. Las habitaciones muy bien equipadas; completas y tranquilas con buena insonorización. El desayuno excelente con música en directo: espectacular!!. Casi dan ganas de volver a Asunción para alojarse aquí .,5
Quedamos satisfechos. Lo pasamos bien.. La atención fue muy buena. Todo el personal muy atento y amable. Fui reconocido por la persona que estaba en la receptoría después de dos meses que no había estado allí.,5
Hotel bonito; bien situado; tranquilo; pequeño; distinto a los de las grandes cadenas; personal muy amable y muy buen servicio. Desayuno excelente. Altamente recomendable. Moderno centro comercial en frente del hotel. ,5
Sin lugar a dudas un lugar para volver siempre; excelencia en la calidad tanto del servicio como del personal. Todas las necesidades son satisfechas y/o solucionadas al instante.Ir al restaurant es una experiencia que vale la pena.,5
Gran Hotel; impecable sus instalaciones; el personal es formidable!desayuno natural; gran calidadlo elijo cada ves que viajo a Asunciónlo recomiendo; Hotel Boutique; con detalles muy lindos de decoracion,5
Muy buena estadía ! Buen ambiente y cálido recibimiento por parte del personal del hotel. Las habitaciones muy cómodas; el desayuno exquisito; la limpieza excelente en todos los aspectos; todo bien acomodado y en su lugar cada cosa ,5
Excelente hotel. Acogedor; buen gusto; comodo. Buena ubicacion. El desayuno es completo y de muy buena calidad. Los servicios acordes a la categoria del establecimiento. Muy recomendable tanto para viajes de negocios como para escapadas en pareja,5
La calidez y amabilidad de la atención; las instalaciones y el adelantarse a las necesidades hacen que el hotel y su equipo transformen una estancia laboral en una experiencia única que ansío repetir.,5
Colchon increíble. Habitación con todos los detalles que se puede esperar. Nada para agregar. Desde quien cuida el auto; quien abre la puerta; la recepción o el desayuno... todo merece mi mejor calificación. Los amenities. El baño. La calidad de las toallas. Todooo perfecto. Inclusive en una estadía anterior llegamos a las 10 am y nos permitieron ingresar a la habitación cuando el check in es a las 15 ,5
Es un hotel de ensueño; la decoración romántica elegante e impecable. Los ambientes decorados con estilo. Da gusto volver cada vez q lo hacemos y es un placer continuar yendo con mi flia q disfruta cada rincón de este soñado hotel.,5
Estadía súper relajada y placentera. Impecable todo. Nos atendieron súper. Nuestra habitación limpieza extrema y comodisima. El desayuno súper completo y riquísimo. Solo que el 2do día llegamos cerca de las 10.30 que es el horario del fin del desayuno y ya no reponían lo que no había!. Punto para mejorar. De todos modos la atención buenísima y el staff súper amable. Excelente ubicado frente al shopping Mariscal y cerca de buena oferta gastronómica. Volveremos!. El precio justifica cada minuto de la estadía.,5
Al hablar sobre alojamientos en Asunción; siempre cuento mis hermosas experiencias en este hotel. Calidez; atención esmerada; cocina excelente; habitaciones cómodas e impecablemente decoradas (como el resto del hotel) lo hacen único. El dulce sonido de un arpa le da a los desayunos un toque inigualable. ,5
Nos encanto estar en La Mision; las habitaciones comodisimas y acogedoras. El servicio del comedor excelente y la comida exquisite. Todos los empleados sumamente amables; nos hicieron sentir como en casa y ayudaron a pasar una estadia inolvidable.,5
puntillosos en todos los detalles desde la decoración de ambientes comunes como en las habitaciones los servicios son extraordinarios y lo que mas te agrada es la predisposición de todo el personal a solucionar cualquier inconveniente o inquietud aun los mas disparatados siempre con una sonrisa y amabilidad,5
Todos los empleados fueron muy atentos y amables en su trato y servicio. Nos atendieron siempre con esmero y respeto -- cosa que vemos muy poco en otros hoteles a través del mundo. Nos sentimos seguros y relajados durante nuestra estadía. ,5
Seria bueno dejar tazas para el cafe al alcanze de los huespedes en el desayuno; aunque los atendientes estan siempre listos para atender cualquier pedido del huesped acontecio de estar lleno el comedor y tuve que desayunar sin cafe.,5
Todos los servicios fueron de primer orden; nos sentimos muy bien acogidos .Estuvieron atentos a todo lo que necesitamos ; el servicio de desayuno buffetexcelente ;como así tambien el menu de las comidas.Estuvimos encantados con todo el Hotel.Muchas Gracias y Dios mediante volveremos .,5
Viajo asiduamente de negocios a Asunción y siempre me quedo en La misión. Limpio; bien ubicado y excelente calidad y precio comedido. Un 5 estrellas sin ostentaciones con un restaurante excelente y un desayuno muy aceptable.,5
Buen servicio; tranquilidad; buena ubicación. Desayuno perfecto. Todo muy agradable. La piscina es muy agradable y tiene un gimnasio muy completo. Las habitaciones perfectas. La wifi funciona genial. No sé qué más decir... repetiré. ,5
El hotel es muy lindo; cada abitación con su proprio estilo y todas lindas. Lo que me gusta más es la perfecta organisación. Esto es el único hotel que está preparado para mi llegada: ya tiene todos mis datos y no necesito rellenar formularios (lo que me pasa en otros hotel aún si ya estuve muchas veces). ,5
Siempre es un placer hospedarse en este hotel; la atención excelente desde el valet parking hasta todos los funcionarios; comidas y bebidas excelentes; ubicación excelente cerca de todo; recomendado siempre !!! Congrats !!! ,5
Es por lejos el mejor de los hoteles. Se ha convertido en mi preferido. El Lugar es HERMOSO; los espacios muy comodos; calidos; bellos. La comida es buena y la atención es EXCELENTE. Habiendo estado en otros dos conocidos hoteles 5 estrellas de Asunción; este es por LEJOS el mejor.,5
Es la mejor opción para alojarte en asunción. Sus instalaciones son muy buenas; sus habitaciones muy confortables y su personal es muy amable; siempre dispuestos a asistirte en lo que pudieres necesitar.,5
Es la mejor opción para alojarte en asunción; muy buenas instalaciones. las habitaciones son muy confortables y la calidad de su personal es increíble; todos son muy atentos y dispuestos a asistirte en lo que puedas necesitar.,5
El staff del hotel es amable y atento. La comida de primer nivel; integrando las típicas de Paraguay. El precio va acorde al servicio que dan. Las habitación; a pesar de ser la de menor categoria; es amplia y muy cómoda. Recomendado.,5
Ya fuimos varias veces a este hotel en Asunción; tanto solos en pareja como con nuestros hijos (chicos). La atención de todo el personal es excelente; están atentos a lo que uno necesite. La comida del restaurant es excelente y el desayuno muy variado y de buena calidad. Tiene una pileta en la terraza que es muy cómoda para nadar. Decorado con buen gusto y las camas son comodísimas. Enfrente hay un shopping. Si pudiera recomendar algo para agregar sería un sauna seco. Seguramente volveremos porque nos encanta.,5
Pasamos dos días en Asuncion y este hotel fue muy agradable desde las cómodas y amplias habitaciones hasta el buen servicio del personal. Además ubicado enfrente del nuevo Shopping Mariscal en el mejor barrio de la ciudad. Si bien no tiene cochera en el edificio ellos nos acomodaron el vehículo con valer parking ,5
Desde que ingresas al Hotel notas la atención en todo; las habitaciones muy amplias e impecables; el desayuno magnifico; muy bien ubicado en la ciudad; con los principales centros comerciales muy cerca,5
En todo momento nos sentimos especialmente atendidos. Nos encantó el clima de intimidad que se vive en cada estancia del hotel; lejos de lo masivo de hoteles 5 estrellas. Cordialidad en el trato y servicios impecables,5
"Me encantaron las habitaciones y la apariencia del hotel en general; asimismo la ubicación es ideal y el servicio muy bueno. Lo que faltó es que loss encargados hagan seguiimiento a la llegada de los vuelos. Mi vuelo de Lima se canceló y me embarcaron en otro vuelo via Buenos Aires por lo que en vez de las 4 AM llegamos a Asunción 4 horas más tarde. El hotel cobró 45 dólares por el traslado aeropuerto - hotel aunque el servicio no se dió.. ",5
Lo recomendaría siempre!; cada vez que voy lo paso bien; todos son amables; la habitación siempre confortable; la comida de primera calidad; la ubicación céntrica cerca de todo pero a la vez tranquila.,5
Todo muy bien y una atención excelente; calidez y buena predisposición en la atención +; desayuno excelente también; habitaciones confortables y muy agradables; recomendaria a un amigo o familia sin dudar ya que creo que el servicio y el personal se lo merecen.-,5
Muy bonita experiencia la estadía en el Hotel; mucha amabilidad; eficiencia; buena comida; buen internet; en fin; cero quejas; ademas esta ubicado en una muy buena zona de la capital; cerca de todo y para todo,5
Un hermoso lugar; con una muy buena ubicación. El servicio de primer nivel con mucha calidad humana. Nos encantó el desayuno; muy abundante y variado; con servicio personalizado. La decoración del lugar de nuestro entero gusto.,5
Todo perfecto.. No hay nada que se pueda criticar.. Amabilidad; Atención.. nos sentimos como en casa y hasta mucho más mimados.. es un placer estar en la Mission.. cada detalle cuidan mucho. FelicitacionesRECOMIENDO SIN DUDAR ESTE HOTELFLIA ZELAYA OVIEDO ,5
Excelente atención; desayuno con mucha variedad; buen servicio en área de pileta. El punto negativo fue el snack (sándwiches de verduras) servido durante mi preparación de novia. Muy precaria cantidad. Pero buena cantidad de bebidas. Confortables instalaciones,5
 La calidez y atencion recibida a los huespedes permite que uno sienta ESTAR EN CASA. El esfuerzo de cada uno de quienes forman parte de ese gran equipo hace que la estadia sea formidable y realmente pueda descansar en el corazon de Asuncion. Muchas Gracias MARCELA ,5
Un hotel muy confortable. Bien ubicad; en el Barrio Villa Morra frente al Shopping Mariscal. Su personal es excelente; siempre pendiente para darte todo lo mejor. El nivel del edificio es de primera; es un hotel boutique como debe ser.,5
"Lo recomiendo altamente a todos que buscan a un hotel de elevada categoría con óptimas acomodaciones y servicios de alto nivel. Una excelente ubicación; muy buena atencion al viajero. El ""roof top"" es una experiencia muy relajante.",5
Aquí uno se encuentra con la mejor atención hotelera bellamente enmarcada en un capítulo muy especial de la historia de Paraguay; las misiones jesuíticas. Excelente ubicación; fina gastronomía; sobresaliente atención y gran comodidad aseguran al pasajero haber elegido uno de los mejores hoteles de Asunción.,5
Excelente atención; instalaciones; comodidad; limpieza. Personal muy amable y atento. Todo impecable. Estacionamiento siempre disponible con personal a cargo muy cordial. Muy buena ubicación; si bien esta en zona céntrica pero alejado de los ruidos.,5
Realmente disfrutamos en pareja por 2 noches de este hotel fantástico. Desde la llegada hasta retirarnos pudimos comprobar el excelente trato y amabilidad del personal; además de una habitación con todo lo necesario y una decoración mas que agradable. La estructura; mantenimiento y limpieza; realmente para felicitar. El desayuno súper completo; y los platos del restaurante perfectamente preparados y servidos. La ubicación para quien esta de vacaciones o paseando excelente ya que cruzando la calle se encuentra el Shopping Mariscal López; y existen negocios como farmacia; casas de cambio que generalmente el pasajero aprecia tener cerca. El único inconveniente que tuvimos fue al retirarnos; y revisar nuestra cuenta había un error de la comanda del restaurante; pero una vez mas el personal de recepción lo resolvió con rapidez y eficacia. La relación costo/servicio es excelente; lo recomendamos y sin duda volveríamos a alojarnos!,5
Muy buena excelente; muy buena ubicación; cerca de centros comerciales; personal muy atento; desayuno y servicio de almuerzo y cena muy buenos; servicio de bar bien y sector pileta de natación muy bueno.,5
Pasé con mi familia la celebración del Año Nuevo. Ha sobrepasado totalmente nuestras expectativas. La calidad y el cariño que reflejan todos los detalles del hotel. La calidez y profesionalidad de todo el equipo que lo conforman y de su Gerencia Comercial; Srta. Alexa; es digno de señalar. El restaurante fantástico. Estamos encantados por la elección que tomamos. Sin duda volveremos!!!!,5
La amabilidad de todo el personal (sin excepción) hace que este hotel se destaque por sobre los demás. La infraestructura es inmejorable; la ubicación igual y las habitaciones son superiores; pero la cordialidad de su gente MARCA LA DIFERENCIA ,5