Text,Label
Aniversario del tiro más famoso en la historia de las Finales de la NBA,Deportes
Así quiere terminar la NBA: en Disney Florida y a finales de julio,Deportes
Illa asegura en que no había evidencia científica para prohibir el 8-M,Nacional
La Guardia Civil envía a la juez las informaciones de ABC sobre Irene Montero y el 8-M,Nacional
La Guardia Civil insinúa que Simón ocultó documentación a la juez del 8-M,Nacional
La Guardia Civil zanja que Sanidad era consciente del riesgo del virus desde enero,Nacional
La NBA desea volver el 31 de julio,Deportes
La NBA es un altavoz social y político en Estados Unidos,Deportes
La NBA planea retomar la temporada con 22 equipos luchando por el anillo,Deportes
La NBA volverá en julio con 22 equipos concentrados en Disney World,Deportes
Las responsables del área de sanidad de la Delegación contradicen la tesis de la Guardia Civil sobre el 8-M,Nacional
Los investigadores insinúan sin aportar pruebas que Fernando Simón oculta documentación a la juez,Nacional
Luz verde de los propietarios al inicio de la NBA el 31 de julio en Orlando,Deportes
Marlaska intenta zanjar la crisis de la Guardia Civil con un nuevo jefe en Madrid de perfil técnico,Nacional
Tres coroneles de la Guardia Civil rechazaron sustituir a Diego Pérez de los Cobos,Nacional
Vuelve la NBA: las claves y las fechas del nuevo formato,Deportes